﻿Designator,Footprint,Quantity,Value,LCSC Part #
"C1, C3, C5, C7",0805,4,10uF,C19702
"C2, C4, C6, C8",0603,4,100nF,C1525
"J1, J10, J9",JST_EH_B5B-EH-A_1x05_P2.50mm_Vertical,3,JST_05,C157991
J11,JST_XA_B04B-XASK-1-A_1x04_P2.50mm_Vertical,1,Conn_01x04_Pin,
J2,JST_XH_B2B-XH-AM_1x02_P2.50mm_Vertical,1,battery,
J3,JST_XH_B2B-XH-AM_1x02_P2.50mm_Vertical,1,On-off|+5V,
"J4, J5, J6, J7",JST_XH_S3B-XH-A-1_1x03_P2.50mm_Horizontal,4,JST_03,
J8,JST_XH_S3B-XH-A-1_1x03_P2.50mm_Horizontal,1,Led_panel [21],
"TP1, TP2, TP3, TP4",TestPoint_Loop_D2.54mm_Drill1.5mm_Beaded,4,TestPoint,
U1,S3 Mini,1,~,
"U2, U3, U4",SOIC-16_4.55x10.3mm_P1.27mm,3,ULN2003,
